"pid";"hid";"sex";"age";"eduyears";"hours";"wage";"ex";"sector";"wr";"lwr"
1302182;7893;0;27;14;2076;48000;7;3;23,121387283237;3,14075804560425
5449170;7705;1;52;9;2820;24000;37;7;8,51063829787234;2,14131694539792
1893177;5753;0;50;14;2132;33700;30;7;15,8067542213884;2,76043733105472
6009033;8001;0;21;11;2072;18000;4;4;8,68725868725869;2,16185743349893
6436031;6335;1;35;11;1215;10000;18;7;8,23045267489712;2,10784101620153
200030;4877;0;28;12;2860;18500;10;7;6,46853146853147;1,86694910725252
2409006;2212;0;47;14;1985;34400;27;3;17,3299748110831;2,8524376502402
6086003;4405;1;42;13;3000;24000;23;7;8;2,07944154167984
2500030;4906;0;32;12;2420;40000;14;2;16,5289256198347;2,80511191394534
2125171;6166;0;49;12;2152;26749;31;7;12,4298327137546;2,52009944716614
6577174;6806;0;53;12;3000;47000;35;5;15,6666666666667;2,75153531304195
2108177;4591;1;43;16;1536;47000;21;7;30,5989583333333;3,42096596698458
3131001;6609;1;36;12;2050;24000;18;2;11,7073170731707;2,46021403719763
2581176;5176;1;49;14;1784;24000;29;6;13,4529147982063;2,59919579619013
541031;2958;1;28;13;1880;40000;9;5;21,2765957446809;3,05760767727208
6114212;7641;1;24;12;2040;28000;6;7;13,7254901960784;2,61925470231908
1144003;7300;1;58;12;1924;38400;40;7;19,95841995842;2,99365110735017
180003;437;0;55;12;1750;33000;37;7;18,8571428571429;2,93689177353106
1522175;4755;1;45;16;3120;220000;23;6;70,5128205128205;4,25579454453097
6547173;4522;0;42;12;3096;35000;24;2;11,3049095607235;2,42523710576193
6051007;5024;0;44;15;2000;92000;23;7;46;3,8286413964891
3230001;6870;0;56;6;2200;29000;44;4;13,1818181818182;2,5788384696222
2847030;2536;1;32;14;1960;42000;12;6;21,4285714285714;3,06472514504094
6822006;3911;0;39;14;2560;73000;19;3;28,515625;3,35045218265692
2895179;4060;1;54;12;300;5300;36;7;17,6666666666667;2,87167962488401
3336002;5836;1;41;16;2008;20000;19;7;9,9601593625498;2,29859307172451
2466174;5544;1;25;16;2286;29500;3;7;12,904636920385;2,55758669797316
2646005;6867;1;47;14;2300;86000;27;7;37,3913043478261;3,6214381733184
1306003;7086;0;41;16;2205;90000;19;7;40,8163265306122;3,70908216143146
709035;2566;1;26;12;1825;22000;8;7;12,0547945205479;2,48946246632386
6589187;5752;0;29;16;3024;34000;7;2;11,2433862433862;2,41978006629887
6115184;6719;1;25;10;1715;13000;9;7;7,5801749271137;2,02553627684363
3208001;6673;1;37;6;680;7000;25;0;10,2941176470588;2,3315726298673
5464193;1284;0;41;12;2900;64445;23;4;22,2224137931034;3,10110140986431
89030;6153;1;29;14;1592;10600;9;7;6,65829145728643;1,89586291369583
2195174;4552;0;51;14;1840;32000;31;7;17,3913043478261;2,85597033117883
5170195;7047;0;33;16;2964;52000;11;7;17,5438596491228;2,86470401114759
1033030;473;0;34;17;2080;32000;11;7;15,3846153846154;2,7333680090865
1445173;4625;1;47;16;873;4300;25;7;4,92554410080183;1,59443474584205
1084007;4553;0;48;12;2400;38000;30;0;15,8333333333333;2,76211742237249
699004;4216;1;40;12;364;2500;22;0;6,86813186813187;1,92689214321955
1914170;662;0;48;12;2141;65000;30;7;30,3596450256889;3,41311426028809
1911030;668;1;33;14;2331;26000;13;7;11,1540111540112;2,41179917796786
1697170;6250;1;54;12;1110;24000;36;7;21,6216216216216;3,0736938150237
728030;3354;1;31;13;2560;27000;12;0;10,546875;2,35582960751286
682003;1125;1;57;14;2979;44400;37;7;14,9043303121853;2,70165179570703
1088004;2790;1;56;12;1806;48000;38;7;26,578073089701;3,2800865559131
2150174;3438;0;44;12;2216;53000;26;4;23,9169675090253;3,17458814466708
1220004;2960;0;45;16;2821;55000;23;7;19,4966323998582;2,97024175321261
5821006;3619;1;49;12;2040;30000;31;7;14,7058823529412;2,68824757380603
200032;8197;1;26;11;2322;40000;9;4;17,2265288544358;2,84645057083824
2032183;6842;0;32;6;2340;30000;20;3;12,8205128205128;2,55104645229255
5488007;3074;1;41;12;2235;18000;23;7;8,05369127516779;2,08613052983063
626003;5082;1;41;12;1960;46000;23;7;23,469387755102;3,15569692324667
2515037;6610;1;27;13;2250;44000;8;7;19,5555555555556;2,97325941770193
963021;3903;0;59;17;2600;420000;36;7;161,538461538462;5,08474326624998
633184;6182;0;33;12;1808;34000;15;3;18,8053097345133;2,93413926264618
5073004;3147;1;50;11;1888;40000;33;4;21,1864406779661;3,05336138639063
6064034;7609;1;28;12;2072;16000;10;7;7,72200772200772;2,04407439784254
1709192;2836;0;30;14;2389;45000;10;6;18,8363331938049;2,93578762142665
3005001;603;1;41;12;2040;28600;23;7;14,0196078431373;2,64045690996968
476171;2838;0;60;12;1920;39000;42;7;20,3125;3,01123646008996
1762035;4773;1;29;10;1078;10000;13;3;9,27643784786642;2,22747762050724
1255172;2209;0;27;14;2580;117900;7;7;45,6976744186046;3,8220474086098
5562004;2140;1;54;17;2025;119000;31;2;58,7654320987654;4,07355379255303
2061172;3961;1;36;16;1435;52000;14;7;36,2369337979094;3,59007886936984
5539199;1840;0;41;12;1672;34000;23;0;20,3349282296651;3,01234000995365
5549175;1260;1;51;16;1860;33000;29;7;17,741935483871;2,87593107374137
6872180;8267;1;21;10;1188;11000;5;0;9,25925925925926;2,22562405185792
2023001;5611;1;60;16;1581;20935;38;7;13,2416192283365;2,58336484124377
6838006;4613;1;39;13;2056;14000;20;7;6,80933852140078;1,91829498202234
2773003;6435;0;57;17;1960;337689;34;7;172,290306122449;5,14918088032867
3315004;6320;0;37;13;2094;24000;18;6;11,4613180515759;2,4389777178996
4196;5740;0;30;10;1680;29400;14;3;17,5;2,86220088092947
2181007;962;1;46;11;1040;12022;29;7;11,5596153846154;2,44751759146369
1043003;6041;1;52;17;470;6000;29;7;12,7659574468085;2,54678205350609
1730005;4085;1;50;16;2420;69000;28;7;28,5123966942149;3,35033896442866
2704004;6148;0;50;12;3000;61000;32;2;20,3333333333333;3,0122615755052
1630005;4107;0;47;16;2904;121384;25;3;41,7988980716253;3,73286997726039
577030;7043;0;24;11;1969;27000;7;2;13,7125444388014;2,61831106634734
1126170;2174;0;60;13;2112;44000;41;2;20,8333333333333;3,03655426807425
3013170;2614;1;43;12;2450;15000;25;7;6,12244897959184;1,81196217654557
1917172;3402;1;47;14;2048;25000;27;7;12,20703125;2,50201211769094
5397004;4740;1;42;12;2313;23000;24;7;9,94379593601384;2,29694883267985
532021;5968;0;59;12;1280;32900;41;0;25,703125;3,2466125798398
2000171;2653;0;28;13;1746;36000;9;6;20,6185567010309;3,0261914810387
6698004;7954;1;44;14;2100;32000;24;4;15,2380952380952;2,72379855807035
6028032;3785;1;38;11;2368;25000;21;2;10,5574324324324;2,35683010784644
5965190;1526;0;29;16;2846;50000;7;4;17,5685172171469;2,86610850576049
832003;7528;0;46;14;2040;37400;26;6;18,3333333333333;2,90872089656436
647031;838;0;28;14;3488;50000;8;3;14,3348623853211;2,66269449938141
2860003;927;0;58;16;900;15000;36;7;16,6666666666667;2,81341071676004
1579174;3398;1;57;16;1716;38226;35;7;22,2762237762238;3,10351991129664
2882004;4684;0;48;15;2450;98000;27;3;40;3,68887945411394
1446021;4659;0;59;14;1560;24615;39;7;15,7788461538462;2,75867019194872
880003;832;0;50;16;2554;76000;28;5;29,7572435395458;3,39307258267598
5342004;2496;1;52;14;1764;36250;32;1;20,5498866213152;3,02285542371608
473021;5439;0;58;16;2530;195000;36;4;77,0750988142292;4,34478025582432
2138177;4051;0;36;12;3024;67000;18;5;22,1560846560847;3,09811216107368
2299003;6827;0;57;16;2000;20400;35;7;10,2;2,32238772029023
2649030;8088;0;32;12;2290;10000;14;6;4,36681222707424;1,4740332754279
1540030;2986;0;36;17;2430;82500;13;7;33,9506172839506;3,52490703598818
2225004;3243;1;50;16;2526;40749;28;2;16,1318289786223;2,78079427558016
6478006;4391;0;52;12;4420;1e+05;34;5;22,6244343891403;3,11903048989848
2197171;3626;0;55;15;2800;82000;34;2;29,2857142857143;3,3770998300831
5977173;5205;1;39;12;2498;33623;21;4;13,4599679743795;2,59971994489574
6150004;3284;1;44;12;2040;32000;26;7;15,6862745098039;2,7527860949436
2678005;7571;0;52;12;3930;120000;34;1;30,5343511450382;3,41885231690088
1880003;370;1;55;12;1319;7000;37;7;5,30705079605762;1,66903627532014
706178;4189;1;44;13;2000;27100;25;4;13,55;2,60638654732571
6261004;1667;0;52;11;3765;15000;35;7;3,98406374501992;1,38230233985035
1345178;746;0;45;15;2640;105000;24;4;39,7727272727273;3,6831814329993
297190;5917;0;29;9;1959;28000;14;3;14,2930066360388;2,6597703712128
6377005;5250;1;43;12;2080;23000;25;5;11,0576923076923;2,40312632221592
3363003;5683;1;28;13;1040;6000;9;6;5,76923076923077;1,75253875607477
692032;2822;1;24;12;1832;45000;6;6;24,5633187772926;3,20125422351838
2466032;5544;0;25;16;2500;110000;3;2;44;3,78418963391826
6475031;7088;1;37;9;2550;15000;22;0;5,88235294117647;1,77195684193188
2601003;5431;0;53;17;1270;30000;30;7;23,6220472440945;3,16218048119166
1837171;5211;0;53;16;2115;50000;31;5;23,6406619385343;3,1629681929299
2847033;3092;1;30;13;2040;51000;11;1;25;3,2188758248682
1434173;2907;0;29;15;2058;52325;8;7;25,4251700680272;3,23573963092021
1387030;2991;1;30;14;1180;12783;10;0;10,8330508474576;2,38260172470831
1037031;8238;1;30;12;1936;28000;12;6;14,4628099173554;2,67158052132082
1695193;1465;0;43;12;2130;44000;25;2;20,6572769953052;3,02806765419693
6635176;7592;1;30;13;1530;12800;11;7;8,36601307189543;2,12417743552123
729004;1338;1;54;12;1007;10000;36;7;9,9304865938431;2,29560947925762
452033;4498;0;30;11;3490;17000;13;2;4,87106017191977;1,58331160784188
691172;7398;1;44;14;1960;37000;24;5;18,8775510204082;2,9379734394018
3149002;6571;1;46;17;1536;23000;23;2;14,9739583333333;2,70631258120367
2707189;487;0;26;14;3060;55000;6;0;17,9738562091503;2,88891826926818
5968030;7551;0;39;14;3276;42318;19;2;12,9175824175824;2,55858936146327
3021172;8057;1;24;12;2295;28000;6;0;12,2004357298475;2,5014716666627
3462002;5210;1;32;6;1960;13000;20;2;6,63265306122449;1,89200488421911
2323030;5746;1;37;12;2425;29000;19;4;11,9587628865979;2,48146430559703
2882003;4059;1;50;15;1308;9072;29;7;6,93577981651376;1,93669349395039
5565004;7325;1;52;11;3149;36000;35;7;11,4322006986345;2,43643399633722
5343171;6535;1;56;14;1000;8000;36;2;8;2,07944154167984
6605192;7519;1;42;12;2000;89000;24;7;44,5;3,79548918917219
2005176;1999;0;45;12;2080;22800;27;7;10,9615384615385;2,39439264224717
1399005;2024;1;49;16;1786;38200;27;5;21,3885778275476;3,06285703315822
1862002;4104;0;56;13;2048;58219;37;2;28,42724609375;3,3473480547646
40003;3552;0;46;12;2756;65000;28;5;23,5849056603774;3,16060691674423
856005;2053;1;47;14;2075;41462;27;4;19,981686746988;2,99481619142826
5626007;3151;0;54;11;2400;34000;37;4;14,1666666666667;2,65089178726226
1074172;3846;1;57;16;2040;55000;35;6;26,9607843137255;3,29438337737635
1094174;3817;1;33;12;1360;12000;15;2;8,82352941176471;2,17742195004004
352031;5159;0;33;12;1880;75000;15;2;39,8936170212766;3,68621633669445
1126174;3448;0;37;14;2400;69071;17;6;28,7795833333333;3,35966622370791
3409001;7588;0;47;6;2080;20000;35;7;9,61538461538461;2,26336437984076
5655035;6624;1;23;13;2032;18000;4;7;8,85826771653543;2,18135122817993
2250173;4619;1;53;16;1960;32000;31;7;16,3265306122449;2,7927914295573
6832182;3929;1;27;11;1560;18000;10;0;11,5384615384615;2,44568593663472
1127177;2890;1;30;14;480;5600;10;0;11,6666666666667;2,4567357728213
570171;7512;0;49;12;3860;61500;31;2;15,9326424870466;2,76836999133573
1763182;5050;0;31;16;2450;93000;9;7;37,9591836734694;3,63651146859662
2530004;1982;1;43;12;2248;46200;25;2;20,5516014234875;3,02293886605625
1000170;193;0;56;13;1225;60000;37;2;48,9795918367347;3,89140371822541
2028030;1175;1;38;14;2238;71000;18;7;31,7247542448615;3,45709726715158
1012172;1957;0;29;14;3341;45000;9;3;13,4690212511224;2,6003923263957
2260173;1764;1;40;12;200;600;22;0;3;1,09861228866811
1624032;3302;1;24;11;2068;24500;7;7;11,8471953578337;2,4720911609045
2845003;5271;1;54;13;1200;50000;35;6;41,6666666666667;3,72970144863419
1697195;3833;1;33;13;1944;30000;14;2;15,4320987654321;2,73644967562391
1632170;6603;1;59;16;600;7500;37;7;12,5;2,52572864430826
2380003;4973;1;53;14;2450;50500;33;7;20,6122448979592;3,02588531172468
3469001;8218;0;37;10;2862;24000;21;4;8,38574423480084;2,12653314921369
1037034;4237;1;26;13;1970;32726;7;7;16,6121827411168;2,81013632625681
1878172;4748;1;54;15;1472;10000;33;7;6,79347826086957;1,91596307268736
1191172;1892;0;57;12;2160;40000;39;2;18,5185185185185;2,91877123241786
2750172;3543;1;44;14;2450;36000;24;2;14,6938775510204;2,68743091389947
855033;5276;0;24;12;1030;16000;6;0;15,5339805825243;2,74302991999824
5757033;7394;1;27;12;2040;30000;9;7;14,7058823529412;2,68824757380603
3508001;1390;1;43;12;2338;10710;25;7;4,58083832335329;1,52188202140978
2897184;2766;1;33;12;100;700;15;7;7;1,94591014905531
2699178;3540;0;32;12;3072;75000;14;7;24,4140625;3,19515929825088
1695197;7425;0;29;15;2156;60000;8;3;27,8293135435993;3,32608990917535
2353171;2054;1;45;17;2172;77480;22;7;35,6721915285451;3,57437143646711
5849171;5809;0;25;12;600;2500;7;7;4,16666666666667;1,42711635564015
2574172;6471;0;36;17;2416;180000;13;6;74,5033112582781;4,31084357081764
5614178;5817;1;31;12;1276;24000;13;0;18,8087774294671;2,93432364542535
1398003;5272;0;56;12;782;2200;38;7;2,81329923273657;1,0343578988011
3239001;6582;0;43;6;3055;65000;31;2;21,2765957446809;3,05760767727208
1184173;3166;0;60;12;2484;82000;42;2;33,0112721417069;3,49684908319302
2614030;7984;0;34;12;2450;63300;16;3;25,8367346938776;3,2517973045935
2181005;1690;1;51;17;1950;92000;28;7;47,1794871794872;3,85395920447339
6735008;1360;1;42;12;1092;10400;24;7;9,52380952380952;2,25379492882461
2502033;7193;0;21;11;2621;25000;4;3;9,5383441434567;2,25531990052693
6103040;4471;1;20;9;1408;14000;5;7;9,94318181818182;2,29688707187941
5998030;8268;0;27;13;1056;10000;8;7;9,46969696969697;2,24809690770998
1229030;7877;0;34;13;2796;195000;15;7;69,7424892703863;4,24480973419218
1429172;5724;1;32;12;434;3000;14;4;6,91244239631336;1,93332303354984
6605032;2015;0;25;12;2742;34000;7;4;12,399708242159;2,51767294347604
2701040;2516;1;23;12;1619;10500;5;6;6,48548486720198;1,86956658246798
6210178;5374;1;48;10;1928;19000;32;2;9,85477178423237;2,28795578297809
2126021;5772;0;57;14;1920;42000;37;7;21,875;3,08534443224368
1831032;542;0;29;15;2340;51000;8;3;21,7948717948718;3,08167470335472
2852038;3455;0;24;14;2214;28600;4;0;12,9177958446251;2,55860588353936
713183;1714;1;36;12;1900;36000;18;7;18,9473684210526;2,94166505228372
2524175;874;0;37;15;2976;80000;16;3;26,8817204301075;3,29144651770304
1088181;6711;1;29;17;1840;46000;6;7;25;3,2188758248682
6436192;7573;0;31;12;2040;24000;13;4;11,7647058823529;2,46510402249182
2628004;6951;0;48;16;2750;3e+05;26;2;109,090909090909;4,69218156297772
2288030;4446;0;30;14;1340;3400;10;0;2,53731343283582;0,931105817659296
1805005;5954;0;52;12;1984;88000;34;2;44,3548387096774;3,79222180561553
5864177;7614;0;28;12;680;5440;10;4;8;2,07944154167984
1663031;5175;1;25;13;1955;15000;6;7;7,67263427109974;2,03766000766488
1285171;3927;0;54;16;3500;2e+06;32;2;571,428571428571;6,34813949104671
782170;7676;0;51;12;3640;53362;33;4;14,6598901098901;2,68511520051568
796170;3235;0;49;10;1720;73488;33;3;42,7255813953488;3,75479783675808
2180004;791;0;51;14;1760;65600;31;0;37,2727272727273;3,61826188689998
1149171;3305;0;47;9;2174;38314;32;4;17,623735050598;2,86924657594389
991001;4712;0;60;12;2550;36000;42;2;14,1176470588235;2,64742557928578
2910176;6534;0;27;12;2016;11088;9;4;5,5;1,70474809223843
203004;6201;1;52;14;1000;40000;32;7;40;3,68887945411394
3177001;7594;0;41;12;2460;35000;23;3;14,2276422764228;2,65518671154514
1605170;880;1;59;12;1610;49000;41;7;30,4347826086957;3,41558611911426
1837033;6613;0;23;11;435;2000;6;6;4,59770114942529;1,5255564284534
5526178;2332;0;56;8;1944;70000;42;1;36,0082304526749;3,58374753601111
6111031;7081;0;25;15;2040;53000;4;6;25,9803921568627;3,257342105696
1267031;1922;1;34;12;1410;25500;16;7;18,0851063829787;2,8950887477743
6381181;5712;1;37;13;2440;50000;18;7;20,4918032786885;3,02002496612304
3357170;6901;0;53;17;2398;88000;30;7;36,697247706422;3,60270175787288
3066001;4815;0;43;17;2400;30000;20;7;12,5;2,52572864430826
245021;3922;0;58;17;1950;90000;35;6;46,1538461538462;3,83198029775461
1780001;1056;0;59;16;2024;57400;37;7;28,3596837944664;3,3449685519003
2151182;5769;1;27;16;1480;45000;5;7;30,4054054054054;3,4146204019943
2478175;4332;0;50;14;2640;96000;30;5;36,3636363636364;3,59356927430961
3155001;7466;0;46;10;3096;70000;30;7;22,609819121447;3,11838428632188
6086004;4313;1;40;13;2000;17000;21;0;8,5;2,14006616349627
2678179;3433;0;51;17;1920;60000;28;6;31,25;3,44201937618241
1925001;3729;0;58;16;2112;199000;36;3;94,2234848484848;4,54566945888048
6867006;6911;0;49;11;3640;54000;32;4;14,8351648351648;2,69700036491563
284004;3663;0;45;16;2460;118000;23;6;47,9674796747967;3,87052327452139
1164031;7540;0;22;10;2408;9533;6;7;3,95888704318937;1,37596293606487
1786003;3217;1;58;9;3000;24000;43;7;8;2,07944154167984
908032;15;1;27;12;96;600;9;0;6,25;1,83258146374831
5565032;5808;1;33;13;2080;70000;14;6;33,6538461538462;3,51612734833613
713033;5424;1;31;12;2018;20000;13;6;9,91080277502478;2,29362535162257
5407002;6394;0;50;12;2024;19000;32;2;9,38735177865613;2,23936322774122
2422171;2342;1;48;12;550;5686;30;7;10,3381818181818;2,33584401398443
2852035;5416;0;26;11;980;10400;9;0;10,6122448979592;2,36200851346485
783172;5536;0;36;13;1936;25000;17;7;12,9132231404959;2,55825183601382
2730031;7742;0;28;13;3084;50000;9;7;16,2127107652399;2,78579554972706
1384030;1129;0;35;12;2400;61000;17;7;25,4166666666667;3,23540512681941
6822176;5107;1;34;16;1120;30000;12;6;26,7857142857143;3,28786869635515
1786188;1408;1;50;12;2398;17000;32;7;7,08924103419516;1,95857828745089
6475175;6270;0;49;12;1402;25000;31;0;17,8316690442225;2,8809760362558
6436033;7573;1;32;12;1920;18000;14;7;9,375;2,23804657185647
3333002;691;1;38;9;500;1650;23;4;3,3;1,19392246847243
1152183;2246;0;36;16;1312;48358;14;7;36,8582317073171;3,60707897787652
1030173;5427;0;39;13;2855;157000;20;7;54,9912434325744;4,00717396224033
2591034;4662;0;23;12;1300;15000;5;0;11,5384615384615;2,44568593663472
1184178;3670;0;56;13;2150;30000;37;7;13,953488372093;2,63572953952258
2334032;5433;0;32;12;2352;68000;14;7;28,9115646258503;3,36424167513973
5281031;7474;0;24;11;5140;160000;7;6;31,1284046692607;3,43812073576675
773004;4403;1;42;14;2048;31824;22;7;15,5390625;2,74335701493436
1802030;3153;1;26;12;1840;7000;8;4;3,80434782608696;1,33614457743442
2129183;3255;0;53;17;1799;1e+05;30;7;55,5864369093941;4,0179392310197
5689211;6692;0;26;11;168;5000;9;3;29,7619047619048;3,39322921201298
6115011;7434;1;41;11;2525;35000;24;7;13,8613861386139;2,62910699876209
5835183;6664;1;31;14;2550;40000;11;7;15,6862745098039;2,7527860949436
2897003;4159;1;46;14;3120;30000;26;6;9,61538461538461;2,26336437984076
6233003;4600;1;57;12;1976;23000;39;6;11,6396761133603;2,45441961660347
2280177;1964;0;40;17;2477;47000;17;7;18,9745660072669;2,94309945120284
2521174;5294;1;57;17;2100;45000;34;7;21,4285714285714;3,06472514504094
1522005;1468;0;56;17;2178;135000;33;7;61,9834710743802;4,12686775392766
1572004;1668;1;46;10;2475;27000;30;0;10,9090909090909;2,38959646998368
60032;7981;1;37;12;336;1500;19;7;4,46428571428571;1,4961092271271
2250005;4619;0;53;12;2043;58000;35;7;28,3896231032795;3,34602369471093
5715171;4696;0;59;14;2916;70000;39;5;24,0054869684499;3,17828242790295
16173;390;0;33;14;3120;30000;13;7;9,61538461538461;2,26336437984076
326005;2376;1;57;12;1960;44000;39;7;22,4489795918367;3,11124516067584
751030;287;1;33;13;999;12000;14;4;12,012012012012;2,48590715012158
5066006;4412;1;46;14;2166;28300;26;6;13,0655586334257;2,56997965607039
3368173;5831;0;34;14;2182;42000;14;3;19,2483959670028;2,95742773087249
6790003;7972;0;52;14;2940;79000;32;7;26,8707482993197;3,29103827111643
2101003;6632;0;50;13;2065;19000;31;4;9,20096852300242;2,21930875275344
338030;6919;1;28;16;1918;44000;6;0;22,9405630865485;3,13290665745701
2786030;6371;0;34;10;2304;37500;18;7;16,2760416666667;2,78969419014272
5014035;5054;1;22;12;1496;16000;4;7;10,6951871657754;2,3697938426875
655175;8131;0;38;17;2371;62000;15;7;26,1493040911008;3,26382257796182
1767180;316;1;31;12;1502;30000;13;7;19,9733688415446;2,99439982832021
1038030;1644;0;37;11;2240;59175;20;7;26,4174107142857;3,2740232895331
280003;519;0;57;17;2033;96000;34;2;47,2208558780128;3,85483565682163
1763179;3931;0;45;12;2580;150000;27;1;58,1395348837209;4,06284589516273
302035;5993;0;28;12;2608;67900;10;4;26,0352760736196;3,25945239050024
1043008;2670;1;43;14;1785;20830;23;7;11,6694677871148;2,45697584004128
257005;4199;0;41;12;2112;101000;23;2;47,8219696969697;3,86748515099724
2869030;1992;1;38;13;1734;37878;19;7;21,8442906574394;3,08393959025519
1303030;7504;0;29;10;2024;30000;13;7;14,8221343873518;2,69612163023694
495179;4064;1;30;14;1112;26500;10;7;23,8309352517986;3,17098453716379
323173;44;1;43;15;1676;16400;22;7;9,78520286396181;2,28087133277026
5814005;8065;1;44;14;1915;24500;24;7;12,7937336814621;2,54895549491807
3483002;7636;1;42;12;2010;13840;24;4;6,88557213930348;1,92942822811854
5459002;5673;1;58;12;2000;15000;40;4;7,5;2,01490302054226
6531006;6507;1;44;12;1582;37000;26;7;23,3881163084703;3,15222804329876
514030;7907;1;34;13;816;45000;15;7;55,1470588235294;4,01000341378835
486004;6891;0;43;16;1989;68500;21;6;34,439416792358;3,53920174539634
5315177;3069;1;36;12;395;3000;18;7;7,59493670886076;2,02748180274912
5182190;653;0;29;12;2080;57000;11;1;27,4038461538462;3,31068337412132
23030;5307;1;37;14;2088;87000;17;4;41,6666666666667;3,72970144863419
5142174;2040;1;41;14;1966;29000;21;7;14,7507629704985;2,6912948082615
3314171;4985;0;46;12;2000;30000;28;0;15;2,70805020110221
2705172;1859;0;38;14;2420;84300;18;6;34,8347107438017;3,55061432483921
2151032;2194;0;29;16;936;13300;7;6;14,2094017094017;2,65390383773225
726003;296;1;56;16;2147;70500;34;6;32,8365160689334;3,49154119092158
18185;7955;1;32;13;2240;45200;13;3;20,1785714285714;3,00462122097124
2028002;1252;1;57;12;936;43200;39;7;46,1538461538462;3,83198029775461
2192173;6552;1;37;12;1960;52000;19;6;26,530612244898;3,278299245339
1726030;3338;0;32;13;2142;81000;13;3;37,8151260504202;3,63270918264688
2069004;5560;1;60;12;2040;26000;42;3;12,7450980392157;2,54514673016536
3207002;6657;1;49;12;1710;15903;31;7;9,3;2,23001440015921
263031;3122;1;37;12;2250;36000;19;2;16;2,77258872223978
1591032;5364;1;24;11;3000;45000;7;7;15;2,70805020110221
5348007;8070;0;45;12;2000;44000;27;7;22;3,09104245335832
5549006;1102;1;46;12;1785;25000;28;7;14,0056022408964;2,6394574096366
1081003;4456;0;57;16;1974;50000;35;5;25,3292806484296;3,23196106441686
1590032;3136;0;30;11;2301;48000;13;7;20,8604954367666;3,03785719985466
5621008;5102;0;42;13;2656;40000;23;0;15,0602409638554;2,71205822249975
5614179;2124;1;27;17;2870;34000;4;7;11,8466898954704;2,47204849484463
1298174;6259;0;48;16;1936;81000;26;4;41,8388429752066;3,73382516581805
698032;3118;0;29;11;2618;42000;12;3;16,0427807486631;2,77525895079566
3141003;6032;0;30;16;2105;73000;8;7;34,6793349168646;3,54614397401405
514004;7794;1;56;14;1722;26500;36;7;15,3890824622532;2,73365832698664
127170;2571;0;58;12;1960;29300;40;7;14,9489795918367;2,7046430427806
6591187;5174;1;28;16;1960;54000;6;7;27,5510204081633;3,31603957332185
128174;3325;0;40;14;1960;57000;20;6;29,0816326530612;3,37010679459212
1520031;5268;1;35;12;2400;46000;17;7;19,1666666666667;2,9531726591352
5990172;8126;1;48;13;1560;9100;29;0;5,83333333333333;1,76358859226136
2656171;3827;1;56;16;1260;13000;34;7;10,3174603174603;2,33383763649815
6684030;4875;1;37;12;520;3900;19;7;7,5;2,01490302054226
3356171;5898;0;26;12;2117;16400;8;7;7,74681152574398;2,04728134267742
5537179;2238;0;42;12;2080;34000;24;3;16,3461538461538;2,79399263090294
1377031;875;0;27;12;464;5000;9;0;10,7758620689655;2,37730863918998
2191032;232;1;30;12;3300;32000;12;5;9,6969696969697;2,27181343432729
3086001;8089;0;40;15;2187;55000;19;7;25,148605395519;3,22480244353784
2738030;5145;0;38;12;2651;88000;20;4;33,195020746888;3,50239988717132
2753005;4604;0;48;16;3000;41000;26;7;13,6666666666667;2,6149597780362
6649003;6312;1;45;12;3068;35000;27;7;11,4080834419817;2,4343221779844
1837030;4214;0;30;15;1940;17597;9;6;9,07061855670103;2,20504045989439
599180;3546;0;29;13;3000;45000;10;3;15;2,70805020110221
2297181;5366;1;29;14;2080;25000;9;3;12,0192307692308;2,48650793115497
1037004;2707;1;57;12;1920;69000;39;7;35,9375;3,58178131855757
2166004;1989;0;55;12;2342;50223;37;2;21,4444918872758;3,06546782392623
1663032;8281;0;26;15;1057;43000;5;7;40,6811731315043;3,70576540880546
6485008;3917;1;47;15;468;4680;26;0;10;2,30258509299405
1720033;6948;1;26;12;1142;5000;8;2;4,37828371278459;1,47665680120028
1048184;1035;1;22;12;1900;24800;4;4;13,0526315789474;2,56898976699854
2662172;6544;1;36;14;2160;36000;16;6;16,6666666666667;2,81341071676004
652170;3698;0;51;13;2058;105006;32;5;51,0233236151604;3,93228285397022
6358004;616;0;55;12;2200;62178;37;7;28,2627272727273;3,34154387906587
2263171;5128;0;32;13;1050;34000;13;7;32,3809523809524;3,47757036044673
749003;1861;0;40;16;1904;31000;18;7;16,281512605042;2,79003026811597
2661180;5040;1;39;10;1032;12000;23;7;11,6279069767442;2,45340798272863
6489174;4457;0;56;12;2216;72000;38;1;32,4909747292419;3,48096235013102
2849174;1670;0;57;16;1660;152672;35;0;91,9710843373494;4,52147422696524
1850175;3360;1;44;14;1050;9000;24;7;8,57142857142857;2,14843441316679
1411030;2350;0;37;15;1600;40600;16;0;25,375;3,23376443736195
5527170;3329;0;60;15;2191;37356;39;2;17,0497489730717;2,83613548063414
677187;8258;0;31;13;3120;55000;12;7;17,6282051282051;2,86950018341108
876031;2025;1;27;12;1640;21000;9;6;12,8048780487805;2,54982619588732
5871006;3121;1;43;15;3465;44824;22;7;12,9362193362193;2,56003107762112
1335191;5846;1;27;16;180;1700;5;0;9,44444444444444;2,2454266791541
1628004;893;1;43;12;192;17017;25;6;88,6302083333333;4,48447275134366
5136180;1089;1;22;12;2040;27300;4;7;13,3823529411765;2,59393689433479
878030;1266;0;38;15;2988;73600;17;4;24,6318607764391;3,20404075846426
53007;2621;0;46;12;3183;23500;28;2;7,38297203895696;1,99917627285016
1795003;2502;0;52;17;1620;47000;29;7;29,0123456790123;3,36772145246577
2146178;6762;0;30;11;2880;63000;13;7;21,875;3,08534443224368
1867005;3277;0;52;17;2695;95000;29;2;35,2504638218924;3,56247868723958
1529171;84;1;36;14;1613;38000;16;7;23,5585864848109;3,15949036058331
5628175;4891;1;21;8;987;2800;7;7;2,83687943262411;1,04270465672981
2022003;2894;0;53;16;2064;1e+05;31;7;48,4496124031008;3,88052433836878
2311003;2049;1;51;12;2304;39000;33;7;16,9270833333333;2,828914903296
6243030;7146;1;27;15;442;4000;6;7;9,04977375565611;2,20273975802433
5052036;2959;1;31;11;1288;10000;14;0;7,7639751552795;2,04949446531188
935003;5053;1;43;12;2205;32500;25;3;14,7392290249433;2,69051258043688
1335192;3834;0;32;14;2008;26000;12;7;12,9482071713147;2,560957336192
6358038;7161;1;22;9;525;10000;7;7;19,047619047619;2,94694210938456
2524173;661;1;30;12;1688;25000;12;7;14,8104265402844;2,69533142869444
3477002;3765;1;41;12;1846;23000;23;7;12,4593716143012;2,52247307984849
1663180;4204;0;43;16;3360;75000;21;1;22,3214285714286;3,1055471395612
5018175;6863;0;54;17;1492;40000;31;3;26,8096514745308;3,28876195233237
2326178;2098;0;30;17;2232;46000;7;7;20,6093189964158;3,02574335197003
5959033;4938;0;29;12;2550;29580;11;6;11,6;2,45100509811232
843030;7220;0;36;14;2124;72000;16;6;33,8983050847458;3,52336501563636
1236173;6129;1;26;16;2075;50000;4;6;24,0963855421687;3,18206185174548
455182;6141;1;22;13;1992;32000;3;2;16,0642570281125;2,77659674363732
939173;3041;0;31;16;2024;138000;9;2;68,1818181818182;4,22217793373199
6370181;7293;1;43;15;520;6000;22;0;11,5384615384615;2,44568593663472
1288171;1869;1;34;16;952;16000;12;7;16,8067226890756;2,82177896643055
6735034;7380;0;27;16;1860;15000;5;7;8,06451612903226;2,0874737133771
5133032;4818;0;23;12;1550;8000;5;6;5,16129032258065;1,64118661074868
516174;6981;1;50;17;3000;20000;27;7;6,66666666666667;1,89711998488588
1079174;7818;1;41;17;1232;63000;18;7;51,1363636363636;3,9344958612802
1181004;7851;0;40;12;2450;40000;22;2;16,3265306122449;2,7927914295573
489031;8317;0;35;12;1360;34000;17;7;25;3,2188758248682
593170;5913;1;46;17;355;10000;23;7;28,169014084507;3,33822258250077
6489176;6697;0;42;17;2080;122096;19;7;58,7;4,07243972683405
6475010;6898;1;39;8;2000;23000;25;0;11,5;2,4423470353692
652005;7349;0;46;12;2750;67000;28;7;24,3636363636364;3,19309170771249
5901175;7169;1;35;12;2000;12760;17;7;6,38;1,8531680973567
2490175;6154;1;26;13;1350;5000;7;7;3,7037037037037;1,30933331998376
1732003;4756;1;47;14;128;2800;27;0;21,875;3,08534443224368
1981004;1565;0;50;17;1991;40000;27;7;20,0904068307383;3,00024242903188
3105002;6420;1;44;16;2400;60000;22;5;25;3,2188758248682
377004;6089;1;43;16;1464;1e+05;21;7;68,3060109289618;4,22399777044897
1503170;3079;0;22;12;1040;17000;4;7;16,3461538461538;2,79399263090294
2880177;2861;0;43;17;3000;105000;20;2;35;3,55534806148941
1377030;1489;0;31;11;2200;34000;14;7;15,4545454545455;2,73790316425189
5477006;5758;1;46;12;1815;11700;28;7;6,44628099173554;1,8635033740869
963003;5744;0;50;17;1500;9000;27;4;6;1,79175946922805
2191185;350;1;27;14;2032;17000;7;7;8,36614173228346;2,12419281433998
1203032;7971;0;28;12;2940;236000;10;7;80,2721088435374;4,38542222367502
863171;195;0;44;12;1771;50000;26;7;28,2326369282891;3,34047864662745
6165002;4415;1;56;12;2574;22000;38;7;8,54700854700855;2,14558134418438
1399003;3474;0;53;12;1952;63000;35;3;32,2745901639344;3,47428023840063
2124173;1846;0;34;16;2352;80000;12;7;34,0136054421769;3,5267606046375
96006;3341;1;41;14;705;5000;21;0;7,09219858156028;1,95899538860397
2364004;4187;1;53;12;2500;42000;35;7;16,8;2,82137888640921
2717030;5030;1;27;12;1729;33000;9;6;19,0861769809138;2,94896435476533
2566034;4284;1;27;13;2450;8000;8;1;3,26530612244898;1,1833535171232
6547174;8097;0;49;16;4160;320910;27;6;77,1418269230769;4,34564563571298
5774171;5991;0;33;14;1960;28683;13;7;14,6341836734694;2,68336013952899
2661034;7003;1;31;12;2000;20000;13;4;10;2,30258509299405
6845007;7781;1;39;11;1130;45000;22;7;39,8230088495575;3,68444485704607
1700034;7196;0;26;13;2066;19000;7;7;9,19651500484027;2,21882460846899
729038;2459;0;23;12;1620;17300;5;7;10,679012345679;2,36828035225944
5613030;5583;0;31;15;3060;24480;10;7;8;2,07944154167984
6165186;8191;1;40;14;2040;25000;20;7;12,2549019607843;2,50592601701208
2436004;2409;0;52;13;2400;35100;33;7;14,625;2,68273239311792
1426031;4003;0;28;13;2440;25000;9;7;10,2459016393443;2,32687778556309
6509004;1563;1;40;14;2284;41700;20;7;18,2574430823117;2,90457283701099
1060031;3159;1;31;14;650;5000;11;0;7,69230769230769;2,04022082852655
2614177;4035;1;28;14;192;17050;8;7;88,8020833333333;4,48641011068388
541032;6325;1;27;15;1510;26250;6;0;17,3841059602649;2,8555563382108
6583042;8048;1;26;10;2040;12000;10;7;5,88235294117647;1,77195684193188
478030;4380;1;37;14;1800;21755;17;0;12,0861111111111;2,49205695127052
729179;2594;0;48;14;1904;35000;28;7;18,3823529411765;2,91139112512024
1233030;3183;1;34;13;420;5000;15;7;11,9047619047619;2,47693848013882
2509005;3504;0;48;16;2205;102000;26;2;46,2585034013605;3,83424530438546
3245001;1651;1;29;16;2008;40000;7;7;19,9203187250996;2,99174025228445
749171;756;1;52;16;3220;78000;30;7;24,223602484472;3,18732746713327
6605009;2059;0;50;12;1968;36500;32;7;18,5467479674797;2,92029446195838
3095170;1180;1;30;12;64;20000;12;7;312,5;5,74460446917646
3430001;6707;1;32;14;525;10900;12;7;20,7619047619048;3,03311980562561
691170;6980;1;48;14;1961;19500;28;7;9,94390617032126;2,29695991835549
1579173;4373;1;52;16;1840;51000;30;7;27,7173913043478;3,32206006110343
2847031;1942;1;37;13;3084;42000;18;7;13,6186770428016;2,61144216258229
2277008;3019;1;41;12;1795;20900;23;7;11,6434540389972;2,45474413703052
1549004;3874;0;40;16;2500;360000;18;7;144;4,969813299576
1077005;3296;1;46;13;5200;10400;27;4;2;0,693147180559945
277004;6124;0;51;10;2040;23000;35;3;11,2745098039216;2,42254440807302
1064171;4376;0;39;16;2892;140000;17;2;48,4094052558783;3,87969411831279
5714033;7049;1;21;11;2432;30000;4;7;12,3355263157895;2,51248341755823
5305190;4511;0;35;16;1674;30000;13;7;17,921146953405;2,88598140959487
3351004;6410;0;32;15;2400;62000;11;6;25,8333333333333;3,25166564769119
709172;4300;0;30;12;2080;15000;12;0;7,21153846153846;1,97568230738898
608188;2796;1;29;14;1968;43000;9;3;21,849593495935;3,0841823170635
6261187;2283;1;41;12;935;26500;23;7;28,3422459893048;3,34435348268563
1915175;709;0;36;12;2288;24000;18;2;10,4895104895105;2,35037575683039
6839008;4315;0;47;12;2056;55018;29;3;26,7597276264591;3,28689805682479
6590003;3702;0;52;10;2112;26000;36;2;12,3106060606061;2,51046117217747
2506007;2118;1;48;17;1920;62000;25;7;32,2916666666667;3,4748091990054
1173030;7263;0;38;12;1936;39000;20;3;20,1446280991736;3,00293765727526
1038031;819;0;33;12;1736;26700;15;2;15,3801843317972;2,73307994916805
2897030;2766;0;38;9;2340;35000;23;5;14,957264957265;2,7051971321198
1227021;3491;0;58;15;3840;157975;37;4;41,1393229166667;3,71696442605988
5299036;4173;1;24;10;2100;35000;8;6;16,6666666666667;2,81341071676004
450030;673;1;32;13;2036;34800;13;2;17,0923379174853;2,83863028809215
5379174;2473;1;45;12;874;9100;27;7;10,4118993135011;2,34294931684941
1878030;3905;1;37;12;1644;21000;19;6;12,7737226277372;2,54739014108943
3383004;7415;0;33;12;2277;58000;15;2;25,4721124286342;3,23758422346482
2781172;3892;0;29;12;2300;34000;11;3;14,7826086956522;2,69345140168106
1945003;2677;0;53;15;1960;30000;32;4;15,3061224489796;2,72825290841973
6798191;7508;1;27;16;1629;12000;5;6;7,36648250460405;1,99694032016809
4180;1130;1;22;9;507;3549;7;4;7;1,94591014905531
963031;6214;0;29;11;2706;37500;12;7;13,8580931263858;2,62886940322777
3053171;7176;0;27;13;2500;47500;8;2;19;2,94443897916644
951171;1498;1;31;14;1155;4500;11;0;3,8961038961039;1,35997705280252
5305006;4517;1;53;17;1920;15500;30;7;8,07291666666667;2,08851483788551
1332003;6454;0;45;12;3570;65000;27;3;18,2072829131653;2,90182167410409
2882030;5270;0;24;13;2514;46000;5;3;18,2975338106603;2,90676628632104
5994030;1135;1;27;13;2184;42000;8;7;19,2307692307692;2,95651156040071
573031;7666;0;27;16;1820;22000;5;7;12,0879120879121;2,49220595226961
624171;6477;1;21;10;2033;9000;5;4;4,4269552385637;1,48771204269001
2848179;3027;1;21;11;1150;5500;4;7;4,78260869565217;1,56498614986327
1879031;2340;0;33;13;2490;29000;14;6;11,6465863453815;2,45501311950986
5449031;1673;1;33;13;2226;33390;14;7;15;2,70805020110221
6212033;3900;0;23;9;264;1980;8;7;7,5;2,01490302054226
317031;1305;1;32;17;1750;80000;9;7;45,7142857142857;3,82241084673846
2016030;7023;1;27;12;1165;2700;9;6;2,31759656652361;0,84053068599262
3019001;2372;0;59;6;1900;26000;47;2;13,6842105263158;2,61624265184909
419004;7762;0;46;12;2276;39400;28;2;17,311072056239;2,8513463000398
6381184;3477;1;38;14;1960;25000;18;7;12,7551020408163;2,54593135162578
1107175;2172;1;44;12;1482;21000;26;6;14,17004048583;2,65112991084953
203030;2451;0;32;13;2320;51000;13;7;21,9827586206897;3,09025844704611
2861170;1063;1;55;12;1448;38000;37;2;26,2430939226519;3,26740286576286
5052182;4731;1;23;12;520;5720;5;7;11;2,39789527279837
1566005;831;1;42;15;400;7800;21;7;19,5;2,9704144655697
1612172;3673;1;42;12;1976;29000;24;0;14,6761133603239;2,6862212306608
1242005;774;0;44;16;2250;130000;22;7;57,7777777777778;4,05660423423925
6769038;6063;1;21;12;504;2000;3;7;3,96825396825397;1,37832619147071
1611172;6343;0;52;12;2280;40000;34;7;17,5438596491228;2,86470401114759
796005;3235;1;46;14;1996;34630;26;2;17,3496993987976;2,85357518052506
2297174;1173;1;36;16;500;4000;14;7;8;2,07944154167984
2192030;6552;0;38;12;2450;80000;20;4;32,6530612244898;3,48593861011725
6073003;6813;0;41;12;2940;42000;23;2;14,2857142857143;2,65926003693278
1494170;4639;0;44;12;2410;56000;26;2;23,2365145228216;3,14572494323259
2030032;2793;0;28;11;1999;45000;11;2;22,5112556278139;3,11401543425206
368172;6370;1;36;16;1448;52000;14;7;35,9116022099448;3,5810604246179
5565177;7993;1;35;12;1813;26500;17;7;14,6166574738003;2,68216180121946
1720003;5202;1;49;14;1960;15000;29;7;7,6530612244898;2,03510572785978
3237005;6145;0;25;12;2550;15000;7;4;5,88235294117647;1,77195684193188
769003;1419;1;42;13;2205;28170;23;7;12,7755102040816;2,54753007298947
1975171;5946;1;58;14;500;4500;38;0;9;2,19722457733622
3451001;6800;0;43;12;2340;36000;25;7;15,3846153846154;2,7333680090865
297045;4447;0;23;12;2020;14000;5;3;6,93069306930693;1,93595981820215
5299034;4110;1;27;12;2000;22000;9;0;11;2,39789527279837
1290021;6718;0;60;15;1542;25000;39;1;16,2127107652399;2,78579554972706
1605001;880;0;59;16;2520;230000;37;2;91,2698412698413;4,51382040739986
1335040;2317;1;28;15;1760;13927;7;7;7,91306818181818;2,06851559302089
138174;6235;0;57;14;2520;354000;37;1;140,47619047619;4,94503801161044
2250031;4669;1;30;12;1983;38000;12;7;19,1628845184065;2,95297531018873
2846030;6473;1;31;17;2025;33000;8;7;16,2962962962963;2,79093786090798
5801031;2264;1;26;11;1152;3900;9;7;3,38541666666667;1,2194769908619
89003;4627;1;53;12;1999;43819;35;6;21,9204602301151;3,08742045775881
6358178;285;0;22;11;635;4890;5;0;7,7007874015748;2,04132258357623
1298005;6913;1;45;16;2500;45000;23;7;18;2,89037175789616
6009032;7265;0;24;14;1935;16000;4;3;8,2687338501292;2,11248139575804
2852201;3455;1;28;14;2000;21500;8;4;10,75;2,37490575457367
1939030;2165;1;37;14;2418;94000;17;0;38,8751033912324;3,6603540300774
5299035;7119;0;32;16;3060;24000;10;7;7,84313725490196;2,05963891438366
156030;5618;0;38;12;2750;80000;20;7;29,0909090909091;3,3704257229954
3242003;3551;1;20;11;270;1000;3;7;3,7037037037037;1,30933331998376
1522183;5049;0;43;16;2250;112000;21;3;49,7777777777778;3,90756865507877
5392180;6562;1;55;12;2270;26500;37;0;11,6740088105727;2,45736490149886
2285032;2715;0;24;14;1700;20300;4;3;11,9411764705882;2,47999263498557
1179004;5621;0;54;14;2450;112000;34;4;45,7142857142857;3,82241084673846
5136189;3294;0;32;12;2156;9800;14;3;4,54545454545455;1,51412773262978
440001;7200;1;59;16;1620;42250;37;7;26,0802469135802;3,26117820455889
5397005;5073;1;39;12;2940;74000;21;5;25,1700680272109;3,22565551185358
6646030;7489;1;36;11;2064;39000;19;7;18,8953488372093;2,93891579851033
6849002;7795;0;59;11;2381;60000;42;7;25,1994960100798;3,22682399471738
6159003;1344;1;46;12;2600;21060;28;7;8,1;2,09186406167839
355174;1221;0;49;14;1190;9900;29;4;8,31932773109244;2,11858145001711
5527172;5732;1;43;12;900;6000;25;4;6,66666666666667;1,89711998488588
6615004;1672;1;51;12;1872;32500;33;7;17,3611111111111;2,85423271128029
1690031;3100;0;31;17;3216;117000;8;2;36,3805970149254;3,59403558348104
1399030;5449;0;27;12;2050;71400;9;6;34,8292682926829;3,55045807619522
908006;5166;1;47;16;1800;45000;25;7;25;3,2188758248682
2432004;2576;1;54;14;990;7000;34;7;7,07070707070707;1,95596048490881
5643170;6627;0;57;16;2426;72000;35;7;29,6784830997527;3,3904223084942
2276173;6447;1;23;12;2536;28000;5;7;11,0410094637224;2,40161647360022
6571031;7942;0;35;9;2750;17000;20;7;6,18181818181818;1,82161243237774
2771031;5001;0;32;13;3000;230000;13;7;76,6666666666667;4,33946702025509
6684008;3941;1;39;12;1915;26500;21;7;13,8381201044386;2,62742711035957
2198004;841;0;52;17;1877;50000;29;7;26,638252530634;3,28234824782377
47175;3779;0;35;15;1768;32621;14;7;18,4507918552036;2,91510728854677
198002;6076;1;55;17;1880;74000;32;7;39,3617021276596;3,67279331636231
5922194;2402;1;42;12;1880;26600;24;4;14,1489361702128;2,6496394389458
3414004;4483;1;23;10;1176;14000;7;4;11,9047619047619;2,47693848013882
897005;5931;0;51;14;1960;27000;31;7;13,7755102040816;2,6228923927619
2707004;6549;1;47;12;2040;49000;29;6;24,0196078431373;3,1788704902545
2714179;1473;1;39;12;1938;22000;21;4;11,3519091847265;2,42938593988974
1700195;4668;0;57;12;2080;50000;39;1;24,0384615384615;3,17965511171492
5230036;7232;0;29;12;1893;20000;11;7;10,5652403592182;2,35756940132681
2311174;7821;0;56;12;2744;120928;38;2;44,0699708454811;3,78577861730344
5623041;5626;0;27;10;1920;40000;11;0;20,8333333333333;3,03655426807425
2341172;6464;1;42;13;1692;273000;23;7;161,347517730496;5,08356053400093
5770172;6975;0;50;12;2112;71195;32;7;33,7097537878788;3,51778722538894
2487170;2964;1;56;12;772;12000;38;7;15,5440414507772;2,74367737874536
1821173;995;0;32;17;2016;82000;9;7;40,6746031746032;3,70560389705513
6051175;3291;0;28;12;1898;16530;10;0;8,70916754478398;2,1643762116452
3021002;8057;0;27;16;2550;40000;5;4;15,6862745098039;2,7527860949436
1784031;905;0;28;16;2295;34000;6;5;14,8148148148148;2,69562768110365
53009;6218;0;42;11;2193;52000;25;4;23,7118103055176;3,16597324914568
2416172;3155;0;44;11;1820;27000;27;7;14,8351648351648;2,69700036491563
6639033;5413;1;29;12;1880;47000;11;7;25;3,2188758248682
5613033;7555;1;29;12;1894;5200;11;7;2,7455121436114;1,0099676308235
5230006;2757;1;51;16;2304;42000;29;2;18,2291666666667;2,90302287544972
5499008;4776;1;41;11;1820;11102;24;0;6,1;1,80828877117927
1608172;620;1;56;14;2069;23000;36;2;11,1164813919768;2,40842881716574
5576003;3969;0;60;7;2040;44000;47;7;21,5686274509804;3,07123982606214
698004;430;0;52;12;1856;25000;34;0;13,4698275862069;2,60045219050419
1203031;8251;0;30;12;2074;71000;12;6;34,2333654773385;3,53320076723398
2764170;378;1;54;12;1530;10000;36;7;6,5359477124183;1,8773173575897
6191178;7273;0;46;17;2550;80000;23;4;31,3725490196078;3,44593327550355
2469031;2684;1;24;16;2016;31000;2;7;15,3769841269841;2,73287185427602
2253032;1535;0;24;12;1755;30000;6;2;17,0940170940171;2,83872852474433
280176;1007;1;28;16;2695;65000;6;5;24,1187384044527;3,18298906553468
6154032;8277;1;30;15;2048;31000;9;7;15,13671875;2,71712349730789
586174;8176;0;27;13;1992;35000;8;7;17,570281124498;2,86620890232701
419176;1593;0;37;12;1920;27000;19;3;14,0625;2,64351167996464
5613171;2063;1;55;12;1960;15000;37;7;7,6530612244898;2,03510572785978
2191034;585;0;27;12;1430;13524;9;2;9,45734265734266;2,24679144057382
1430170;6752;0;46;16;2500;250000;24;6;100;4,60517018598809
5655199;4746;0;23;12;3250;48000;5;7;14,7692307692308;2,69254601456624
117172;1708;1;35;16;1800;35000;13;7;19,4444444444444;2,96756139658729
1048217;1910;0;49;13;2540;30000;30;2;11,8110236220472;2,46903330063171
2848006;1150;1;49;12;1144;7568;31;7;6,61538461538461;1,88939793879197
988031;2573;0;33;12;2008;95000;15;7;47,3107569721116;3,85673768977106
1342030;3811;1;27;12;1405;8000;9;7;5,69395017793594;1,73940423889413
769031;7727;0;30;14;3640;72000;10;2;19,7802197802198;2,98468243736741
6626006;2247;1;44;12;2000;33000;26;2;16,5;2,80336038090653
673001;2994;0;58;16;1120;50000;36;7;44,6428571428571;3,79869432012114
5295174;4907;0;52;12;3640;24000;34;2;6,59340659340659;1,8860701486993
1406003;1857;1;54;12;2142;32000;36;2;14,9393090569561;2,70399593077417
6583211;5230;0;30;11;2074;35600;13;7;17,1648987463838;2,84286652805065
2618031;6995;1;35;12;268;747;17;7;2,78731343283582;1,02507820462196
452035;2854;0;32;13;2320;45000;13;7;19,3965517241379;2,9650953040921
61031;6294;0;26;17;2632;33000;3;6;12,5379939209726;2,52876354800341
6262004;2756;0;54;12;2640;60000;36;4;22,7272727272727;3,12356564506388
2468003;4718;0;39;12;3640;52500;21;5;14,4230769230769;2,66882948794893
3473004;6860;1;29;12;2112;36920;11;0;17,4810606060606;2,86111804379064
5628005;2561;1;47;12;2080;45000;29;7;21,6346153846154;3,07429459605709
3303003;7365;1;36;12;2950;16500;18;5;5,59322033898305;1,72155521055481
6187033;2741;1;27;15;2631;38000;6;4;14,4431774990498;2,67022215766823
174005;2422;0;53;16;2330;48000;31;7;20,6008583690987;3,02533274333028
5684036;6869;0;29;14;2134;27000;9;6;12,6522961574508;2,53783871312477
5542002;6142;1;57;16;1260;3402;35;7;2,7;0,993251773010283
3417002;6506;1;47;16;2080;22000;25;7;10,5769230769231;2,35867455964509
1635170;858;1;55;12;1600;26500;37;7;16,5625;2,80714110374644
172034;2064;1;30;12;1250;4800;12;7;3,84;1,34547236659964
1579030;3867;0;34;12;1552;30000;16;6;19,3298969072165;2,96165295990113
1166036;5380;1;23;10;1228;4500;7;0;3,66449511400651;1,29869056705132
5462171;2853;1;29;14;864;2500;9;7;2,89351851851852;1,06247324205224
1571171;935;1;36;12;1910;18000;18;0;9,42408376963351;2,24326851583763
1288030;1869;0;28;11;2445;90000;11;1;36,8098159509202;3,60576454740343
3316022;5975;0;29;16;2470;54000;7;5;21,8623481781377;3,08476589592439
5430037;7240;1;26;11;2703;32000;9;7;11,8386977432482;2,47137363550542
1964170;4988;0;46;10;330;4000;30;0;12,1212121212121;2,4949569856415
3137002;7847;1;40;6;2080;12000;28;7;5,76923076923077;1,75253875607477
489170;8317;1;30;12;384;2000;12;0;5,20833333333333;1,65025990695436
961003;2139;1;45;14;420;2500;25;7;5,95238095238095;1,78379129957888
6030004;554;1;53;11;2648;24000;36;7;9,06344410876133;2,20424919227318
3263176;6555;1;42;12;2448;21000;24;2;8,57843137254902;2,14925107307334
5230030;6702;0;36;12;2251;45000;18;7;19,9911150599733;2,99528792784572
1786046;6666;1;20;10;1280;8000;4;7;6,25;1,83258146374831
2497172;6655;0;60;12;2040;78350;42;7;38,406862745098;3,6482361609459
5048030;2749;1;35;11;1560;49500;18;6;31,7307692307692;3,4572868483132
5615030;8307;0;32;13;1564;19000;13;7;12,1483375959079;2,49719233704332
1670033;7562;0;24;11;1363;2800;7;0;2,0542920029347;0,719931264466763
432031;7245;1;31;10;4328;33000;15;5;7,62476894639556;2,0314020199223
2610004;6216;0;44;17;3060;106000;21;5;34,640522875817;3,54502417814778
3229001;8182;0;43;6;4665;54500;31;4;11,6827438370847;2,45811286736989
391004;8154;1;48;17;2400;175000;25;7;72,9166666666667;4,28931723656961
1275171;7459;1;49;16;1365;51000;27;7;37,3626373626374;3,6206712040874
2569171;1662;0;52;12;1852;34000;34;2;18,3585313174946;2,91009438839217
3263001;6555;0;42;14;2783;42000;22;2;15,0916277398491;2,71414013573961
6591008;7716;0;48;14;1975;34000;28;2;17,2151898734177;2,84579212626308
2034182;6877;0;45;12;1680;35000;27;6;20,8333333333333;3,03655426807425
2391175;5300;1;28;9;2132;5200;13;0;2,4390243902439;0,891598119283784
3165001;7884;0;54;6;1908;23000;42;7;12,0545073375262;2,48943864290306
5486172;3269;0;50;12;2140;46000;32;2;21,4953271028037;3,06783556745533
5685179;1147;1;29;15;1611;50000;8;7;31,0366232153942;3,43516790123331
246172;4723;1;26;16;2052;38000;4;7;18,5185185185185;2,91877123241786
2151178;5888;0;57;12;3640;56000;39;5;15,3846153846154;2,7333680090865
1510003;2412;0;44;13;2182;31000;25;6;14,2071494042163;2,65374531707427
5419032;3458;0;29;11;400;2000;12;7;5;1,6094379124341
5065036;811;1;29;11;1000;7000;12;0;7;1,94591014905531
567004;4369;0;56;12;1140;9000;38;7;7,89473684210526;2,06619631492982
2920177;3627;0;36;12;1928;45000;18;2;23,3402489626556;3,15017929358197
1037180;3311;0;29;15;2790;38000;8;7;13,6200716845878;2,61154456389311
323171;2134;1;54;17;1125;45000;31;7;40;3,68887945411394
5904032;1178;0;33;9;1320;22726;18;3;17,2166666666667;2,84587790689754
6793021;6663;0;58;12;2080;34000;40;3;16,3461538461538;2,79399263090294
2661217;7044;0;23;12;1858;30000;5;2;16,1463939720129;2,78169674127051
751189;1636;0;27;12;2520;44000;9;4;17,4603174603175;2,85993073239493
53218;3677;0;43;13;2695;36000;24;7;13,3580705009276;2,59212073409515
2222003;1986;0;47;15;3444;570000;26;7;165,505226480836;5,10900277426311
404174;8151;1;42;13;2040;25000;23;7;12,2549019607843;2,50592601701208
1192171;6986;0;51;12;2322;53000;33;2;22,8251507321275;3,12786303027642
1787030;2737;0;35;13;2295;33000;16;7;14,3790849673203;2,66577471795397
2466170;5777;1;57;16;1776;45000;35;7;25,3378378378378;3,23229884520034
5057190;2974;1;31;16;1665;4300;9;7;2,58258258258258;0,94878989926711
885032;6277;0;23;10;2210;28000;7;3;12,6696832579186;2,53921199464554
1960183;7684;0;27;14;1500;40000;7;7;26,6666666666667;3,28341434600577
1917005;221;1;48;14;1750;26000;28;7;14,8571428571429;2,69848075008606
3135001;5358;0;41;7;3016;78000;28;3;25,8620689655172;3,25277737654388
2924003;6886;1;44;12;1960;113400;26;7;57,8571428571429;4,05797691805123
5299033;4845;1;26;12;2056;33000;8;7;16,0505836575875;2,77574521387356
5608172;6785;0;28;14;2448;62000;8;7;25,3267973856209;3,23186302039501
5969006;7373;1;45;12;2534;7020;27;7;2,77032359905288;1,01896413613877
2302010;1269;0;44;11;1920;22000;27;1;11,4583333333333;2,43871726731863
2222174;1986;1;51;16;1722;110000;29;7;63,8792102206736;4,15699395978688
749180;1861;1;28;16;1920;32000;6;7;16,6666666666667;2,81341071676004
2051030;6223;0;36;13;1866;24700;17;4;13,2368703108253;2,58300614120878
1090030;4135;1;25;14;1608;28000;5;7;17,4129353233831;2,85721333941843
151173;6902;0;50;12;2940;115000;32;4;39,1156462585034;3,66652254701266
2615181;983;1;37;16;747;26500;15;7;35,475234270415;3,5688348268415
6522004;4131;1;45;10;1401;7009;29;7;5,0028551034975;1,61000877016332
647004;128;0;49;13;2200;47000;30;7;21,3636363636364;3,06169024134579
1192170;2484;0;53;12;2040;44000;35;5;21,5686274509804;3,07123982606214
2436170;2436;1;52;16;3050;76000;30;7;24,9180327868852;3,21559174966701
6780174;6111;1;22;11;4660;30000;5;4;6,43776824034335;1,8621819335246
450021;2475;0;58;16;2989;37556;36;3;12,564737370358;2,5308942690945
1807176;2356;0;37;16;1796;28700;15;7;15,9799554565702;2,77133515288557
6418035;3125;1;25;13;2115;22000;6;1;10,4018912529551;2,34198764086007
5379004;1094;0;46;15;2678;61000;25;7;22,7781926811053;3,12580361690433
1109021;176;0;60;15;2016;36000;39;1;17,8571428571429;2,88240358824699
75030;1781;1;38;12;1920;40000;20;2;20,8333333333333;3,03655426807425
5486001;3269;1;59;12;2125;28000;41;7;13,1764705882353;2,57843270779882
1401003;3667;0;60;17;2450;85000;37;6;34,6938775510204;3,54656323193368
2611171;4243;0;54;12;3464;110000;36;7;31,7551963048499;3,45805637509223
2285006;1176;1;57;17;1800;50000;34;7;27,7777777777778;3,32423634052603
1613033;2832;1;26;13;2040;50000;7;7;24,5098039215686;3,19907319757202
819030;5482;0;25;12;1012;22400;7;3;22,1343873517787;3,09713238799572
1807035;2685;0;22;12;2226;50888;4;2;22,8607367475292;3,12942088652315
6316180;2107;1;45;12;3330;33799;27;7;10,1498498498499;2,31745891226014
2201172;8165;1;38;15;1600;38000;17;0;23,75;3,16758253048065
2701038;4310;0;22;12;2191;8000;4;0;3,65130077590141;1,29508348106651
3078170;3167;0;44;14;2684;70000;24;4;26,080476900149;3,26118702293992
2067030;4643;0;34;14;2550;112000;14;7;43,921568627451;3,78240551212476
1654030;5531;0;23;12;1922;20600;5;3;10,7180020811655;2,37192476524743
16176;1894;0;27;13;2491;23500;8;2;9,43396226415094;2,24431618487007
7038;504;0;23;10;708;8000;7;0;11,2994350282486;2,42475272696825
6204003;3563;1;47;15;1920;57000;26;5;29,6875;3,39072608179486
503174;6331;0;47;13;2098;40000;28;2;19,0657769304099;2,94789494413983
1775033;7079;0;22;13;2618;36400;3;4;13,903743315508;2,63215810715499
2920178;2538;1;34;16;840;9000;12;7;10,7142857142857;2,371577964481
3162002;4015;1;45;12;1548;11000;27;7;7,10594315245478;1,96093149763084
5526045;3598;0;21;8;2182;21693;7;0;9,94179651695692;2,29674774045005
2515187;6595;1;32;13;2040;12000;13;4;5,88235294117647;1,77195684193188
3241003;5170;0;27;15;2017;23000;6;2;11,4030738720873;2,43388295695708
5366033;3851;1;35;14;2020;33000;15;1;16,3366336633663;2,79341005005337
2530030;5942;1;33;13;182;3000;14;0;16,4835164835165;2,80236088057345
3474002;7523;1;44;7;2040;6000;31;7;2,94117647058824;1,07880966137193
68003;546;0;40;14;2260;85000;20;5;37,6106194690265;3,62728644320612
1763005;3237;0;55;13;1904;49000;36;7;25,7352941176471;3,24786336174145
5537173;4340;0;31;14;3780;46000;11;7;12,1693121693122;2,4989173868576
2655030;7261;0;35;12;4025;73000;17;4;18,1366459627329;2,89793453027786
5771003;2717;1;45;16;1900;34000;23;6;17,8947368421053;2,88450663844377
750005;468;0;40;13;2769;62000;21;2;22,390754785121;3,10864814085627
1314003;2655;0;41;16;2205;75000;19;6;34,0136054421769;3,5267606046375
5034034;6298;1;29;13;1960;30000;10;7;15,3061224489796;2,72825290841973
6165035;8191;0;27;14;2467;39000;7;2;15,8086745034455;2,76055880858243
6583212;4942;1;40;12;1683;12067;22;7;7,16993464052288;1,96989653888279
5032;8069;1;23;12;240;26500;5;0;110,416666666667;4,70426108863232
6170004;5767;0;42;12;1177;33000;24;5;28,0373831775701;3,33353873318834
672030;7396;0;33;12;1768;21600;15;7;12,2171945701357;2,50284435047467
198171;6076;0;58;16;1960;72000;36;7;36,734693877551;3,60372164577363
2483189;5213;1;23;12;2650;36000;5;2;13,5849056603774;2,60895929845798
1335045;8170;0;26;12;1064;15000;8;3;14,0977443609023;2,64601481018276
2225032;2622;0;25;14;498;5000;5;6;10,0401606425703;2,30659311439158
3478001;7154;0;38;13;4565;74000;19;5;16,210295728368;2,78564657915724
302177;5756;1;52;16;2530;120000;30;7;47,4308300395257;3,85927244004262
2827173;4843;1;27;10;1996;22000;11;7;11,0220440881764;2,39989727546904
5916172;6546;1;32;12;3500;53000;14;0;15,1428571428571;2,71752894505675
1166009;2265;0;42;12;2140;25721;24;2;12,0191588785047;2,48650194982867
6519174;2512;0;49;14;1080;29000;29;0;26,8518518518519;3,29033478885035
709003;1430;0;51;11;1880;68000;34;4;36,1702127659574;3,58823592833425
311031;7430;1;21;10;800;5000;5;0;6,25;1,83258146374831
2302225;4039;1;25;9;416;3000;10;0;7,21153846153846;1,97568230738898
2067188;2973;1;46;16;1960;79000;24;7;40,3061224489796;3,6965033792246
2103172;427;1;57;16;1920;90000;35;1;46,875;3,84748448429057
5570004;2851;1;55;12;1799;16312;37;7;9,06725958866037;2,20467007830376
6602009;6637;1;42;12;1680;12000;24;7;7,14285714285714;1,96611285637283
885003;3026;1;56;12;1200;4000;38;7;3,33333333333333;1,20397280432594
2177173;7157;0;31;13;2025;60000;12;7;29,6296296296296;3,3887748616636
1036003;379;0;39;14;2020;40500;19;7;20,049504950495;2,99820446269938
2392031;6923;1;36;9;1599;25000;21;5;15,6347717323327;2,74949739101638
2034177;5087;0;41;11;2340;25000;24;3;10,6837606837607;2,36872489549859
2354031;4916;0;28;9;1856;21200;13;5;11,4224137931034;2,43557754731396
654031;1046;0;30;8;1550;23000;16;7;14,8387096774194;2,69723928499799
656030;7211;0;28;15;2025;70000;7;6;34,5679012345679;3,54292554149086
1726170;3262;0;55;16;3750;160000;33;7;42,6666666666667;3,75341797525151
2771007;7864;0;49;17;2450;107000;26;6;43,6734693877551;3,77674080990527
2661039;3241;0;24;12;1976;35000;6;1;17,7125506072875;2,87427346216374
5677034;6968;1;32;13;4488;56734;13;7;12,6412655971479;2,53696651006304
5052177;3844;0;25;8;3060;29000;11;7;9,47712418300654;2,24888091402218
2731181;6098;0;29;13;2064;26480;10;7;12,8294573643411;2,55174388344949
5031038;6623;1;22;11;400;4000;5;7;10;2,30258509299405
607032;2200;1;32;11;1621;30000;15;7;18,5070943861814;2,91815413890862
1079032;4586;0;28;12;516;34000;10;4;65,8914728682171;4,18800903811674
6591171;3499;0;33;12;557;3150;15;7;5,65529622980251;1,73259249189239
1709003;2325;0;48;12;2664;80000;30;6;30,03003003003;3,40219788199574
2603177;5587;1;45;12;1960;26872;27;7;13,7102040816327;2,61814037906757
5034035;6881;0;29;17;2460;42000;6;7;17,0731707317073;2,8375082683391
1096180;149;1;27;12;520;1300;9;7;2,5;0,916290731874155
5066038;4339;0;21;10;1517;20000;5;7;13,18391562294;2,5789975731876
45184;5584;0;39;14;2024;35000;19;3;17,2924901185771;2,85027231006419
2661036;2092;0;28;12;2024;18000;10;4;8,89328063241107;2,18529600647095
5040005;6048;1;47;14;1280;12000;27;7;9,375;2,23804657185647
1939032;1701;0;27;13;2066;50000;8;3;24,2013552758955;3,1864086347307
878002;1144;1;60;12;2227;86000;42;7;38,61697350696;3,65369190797828
53008;2877;0;45;12;2500;36000;27;7;14,4;2,66722820658195
6414001;4540;1;59;16;1848;69000;37;7;37,3376623376623;3,62000253137777
5655174;5614;1;48;15;750;4859;27;7;6,47866666666667;1,86851472787555
5812013;4994;1;39;10;675;4500;23;0;6,66666666666667;1,89711998488588
2261032;2007;0;30;13;2805;37000;11;2;13,1907308377897;2,57951437366956
934179;3273;0;33;16;1940;74000;11;7;38,1443298969072;3,64137712012893
2061177;1848;1;22;10;1457;10673;6;7;7,32532601235415;1,99133766071876
3482002;7429;1;51;16;2040;31000;29;7;15,1960784313725;2,72103739662902
1708004;5908;1;56;14;2246;51000;36;6;22,7070347284061;3,12267477640807
478004;3646;1;54;9;1820;43000;39;7;23,6263736263736;3,16236361460486
1168006;2368;1;45;12;2080;26000;27;2;12,5;2,52572864430826
1533172;6245;0;52;16;2160;96000;30;7;44,4444444444444;3,79423996977176
1096174;1072;1;29;12;1500;13000;11;7;8,66666666666667;2,15948424935337
1975005;6662;0;47;16;2464;150000;25;4;60,8766233766234;4,10884924842498
1551174;4155;0;39;11;1800;34000;22;1;18,8888888888889;2,93857385971404
577174;4670;0;47;11;2000;30000;30;4;15;2,70805020110221
186003;2810;1;60;16;1990;86000;38;7;43,21608040201;3,76621265751711
6478032;3805;0;30;14;1140;6800;10;7;5,96491228070175;1,78589434977566
5987034;5910;1;27;11;2400;27000;10;6;11,25;2,42036812865043
2056033;4023;1;22;12;1104;9000;4;4;8,15217391304348;2,09828462948132
6478179;4391;1;50;14;1540;16000;30;7;10,3896103896104;2,34080630581424
3151003;2736;0;20;11;2003;20000;3;5;9,98502246630055;2,30108621687031
6218003;2113;0;57;16;1912;30000;35;7;15,6903765690377;2,75304756703295
198030;1579;0;28;11;2080;41000;11;7;19,7115384615385;2,98120417299108
2801006;5633;0;50;12;2080;33000;32;5;15,8653846153846;2,76413966775325
1541171;5828;1;53;13;2425;24500;34;7;10,1030927835052;2,31284159316123
6591175;3853;1;47;15;2000;26500;26;7;13,25;2,58399755243223
3311002;8098;1;44;12;2313;14000;26;0;6,05274535235625;1,80051194636596
633030;1871;1;36;12;1170;13000;18;7;11,1111111111111;2,40794560865187
1227002;4422;0;56;16;2080;82000;34;2;39,4230769230769;3,67435135355103
597178;5990;1;30;12;1813;30000;12;4;16,5471594043023;2,80621444988944
2435004;1560;0;50;13;2300;90000;31;3;39,1304347826087;3,66690054739516
2302206;1663;0;31;9;1840;24000;16;7;13,0434782608696;2,56828825872705
2776003;7324;0;46;12;2080;15000;28;6;7,21153846153846;1,97568230738898
1286170;7187;0;54;16;2300;455000;32;4;197,826086956522;5,28738829601585
2487030;2274;0;35;12;3000;22148;17;7;7,38266666666667;1,99913491029261
6639005;4501;1;46;11;416;5482;29;7;13,1778846153846;2,57854001660147
3101003;7989;0;34;9;2065;33000;19;5;15,9806295399516;2,77137733505348
321175;4416;1;23;12;1904;22848;5;4;12;2,484906649788
6872030;7986;1;24;13;1930;28500;5;7;14,7668393782383;2,69238408435781
221002;948;1;57;15;2500;43000;36;7;17,2;2,84490938381941
1399175;2229;1;49;16;1250;50000;27;7;40;3,68887945411394
3040001;4895;0;52;16;1585;29200;30;7;18,4227129337539;2,91358430194499
7177;2208;0;36;12;1628;36000;18;2;22,1130221130221;3,09616667087576
3278001;4526;0;48;14;1130;23000;28;0;20,353982300885;3,0132765832049
1935170;808;0;45;17;2000;34000;22;7;17;2,83321334405622
2890179;4885;0;21;8;1968;26000;7;2;13,2113821138211;2,58107873939142
2682005;2928;1;44;16;1975;40000;22;3;20,253164556962;3,00831105576085
2341176;8101;0;41;12;2880;40000;23;1;13,8888888888889;2,63108915996608
2831032;7680;1;20;10;1220;20300;4;0;16,6393442622951;2,81177002730258
2661003;2297;1;55;9;2000;18000;40;2;9;2,19722457733622
1193171;1452;1;60;14;2112;13000;40;2;6,15530303030303;1,81731399161752
445177;461;0;31;14;2420;42000;11;6;17,3553719008264;2,85390207811477
5922221;3056;1;27;12;390;970;9;0;2,48717948717949;0,911149332373736
3052005;5661;1;27;16;2880;59000;5;7;20,4861111111111;3,01974714975786
6498200;6721;0;45;16;3557;82451;23;5;23,179926904695;3,1432866845285
565179;3938;1;23;13;2000;46575;4;7;23,2875;3,14791673592771
2278004;5379;1;57;12;1776;17500;39;7;9,8536036036036;2,28783723635949
1100004;4041;1;40;12;1800;29900;22;7;16,6111111111111;2,81007181549452
5570005;2201;1;53;12;600;17450;35;0;29,0833333333333;3,37016527241443
19004;7587;1;54;12;3185;41752;36;2;13,1089481946625;2,57329506531699
1010170;286;0;54;12;160;1800;36;0;11,25;2,42036812865043
607186;2755;0;44;12;5824;55000;26;4;9,44368131868132;2,24534587433809
1335179;6448;1;35;13;2205;35000;16;4;15,8730158730159;2,7646205525906
2901031;5131;0;29;13;2250;54000;10;2;24;3,17805383034795
6110032;1322;1;30;11;2024;16592;13;7;8,19762845849802;2,10384490006195
2852199;2149;0;54;14;400;35000;34;0;87,5;4,47163879336357
2124171;1835;0;38;13;3250;85000;19;7;26,1538461538462;3,26399626014867
1807003;1423;1;55;15;615;6500;34;4;10,5691056910569;2,35793518807721
5849003;5489;1;60;8;160;400;46;0;2,5;0,916290731874155
6275003;7368;1;53;17;1872;68000;30;7;36,3247863247863;3,59250032712071
319179;5797;0;42;14;2205;35000;22;6;15,8730158730159;2,7646205525906
5537174;2152;0;35;14;2550;28000;15;7;10,9803921568627;2,39611115100487
1763177;6002;0;59;12;1750;22300;41;2;12,7428571428571;2,54497089053065
165031;3975;0;24;14;2080;35000;4;7;16,8269230769231;2,82298016777619
2615040;2468;1;28;17;1179;32000;5;7;27,1416454622562;3,30106928124449
1959005;5264;1;42;17;2214;88000;19;4;39,747064137308;3,68253598019176
2515034;8274;0;30;12;3200;36000;12;7;11,25;2,42036812865043
1141031;4722;0;28;16;1875;31000;6;6;16,5333333333333;2,80537854506277
698171;7741;1;43;12;1880;35000;25;7;18,6170212765957;2,92407628464756
544021;204;0;60;16;1960;31000;38;3;15,8163265306122;2,76104273124272
2129032;7442;0;22;12;1820;30000;4;7;16,4835164835165;2,80236088057345
2261172;46;1;49;12;1760;14000;31;6;7,95454545454545;2,0737435205652
6838030;4941;1;38;12;2065;20000;20;2;9,68523002421307;2,27060204714099
729171;6665;1;49;12;2500;47000;31;7;18,8;2,9338568698359
3199003;7654;1;32;12;1960;18000;14;4;9,18367346938776;2,21742728465374
6605208;6793;1;29;11;2244;25000;12;4;11,1408199643494;2,41061583720775
5364002;7143;0;53;12;2646;105000;35;5;39,6825396825397;3,68091128446476
2701187;3377;1;29;11;2288;30000;12;7;13,1118881118881;2,5735193081446
40182;2199;1;39;17;1552;44000;16;7;28,3505154639175;3,34464521215723
6826006;4510;0;51;13;2736;70000;32;5;25,5847953216374;3,24199824228905
5537187;2152;1;27;11;1880;18000;10;0;9,57446808510638;2,25909998105431
2569031;1241;1;37;14;2550;39000;17;7;15,2941176470588;2,72746828695931
6350006;3473;0;48;12;2133;48000;30;6;22,5035161744023;3,11367157141868
5625170;5185;1;37;13;2160;29000;18;2;13,4259259259259;2,5971876082904
2704032;5829;1;29;11;2140;17500;12;7;8,17757009345794;2,10139505189571
657005;4092;0;43;12;1968;75000;25;3;38,109756097561;3,64047031490625
3085001;6229;0;53;11;2640;34000;36;7;12,8787878787879;2,55558160745794
5774002;5381;1;57;12;1560;23000;39;7;14,7435897435897;2,6908083946677
1739030;1847;1;35;15;1939;47000;14;7;24,2392986075297;3,18797522544954
6495176;7734;1;33;15;1763;21000;12;7;11,9115144639818;2,47750553430769
6721004;3830;1;52;15;2050;46000;31;7;22,4390243902439;3,11080160333878
935177;2979;0;49;16;1750;80000;27;7;45,7142857142857;3,82241084673846
2302041;4039;0;27;10;2020;27000;11;3;13,3663366336634;2,59273935459122
6166181;1346;1;31;12;2244;23000;13;7;10,2495543672014;2,3272342282687
2678031;7735;0;28;13;2080;28000;9;3;13,4615384615385;2,59983661646198
2253004;2218;0;53;13;3120;43423;34;1;13,9176282051282;2,63315625282603
6616004;3263;0;50;10;2160;29000;34;0;13,4259259259259;2,5971876082904
3165002;7884;1;55;12;1908;18000;37;7;9,43396226415094;2,24431618487007
53191;3677;1;39;12;2783;42000;21;7;15,0916277398491;2,71414013573961
1591031;3046;1;24;11;2178;32000;7;7;14,692378328742;2,68732887828896
200034;4823;0;22;10;1794;18350;6;4;10,2285395763657;2,32518181086397
3393001;2626;1;49;16;2152;20790;27;7;9,66078066914498;2,26807445957038
5626032;3993;1;25;15;1920;34000;4;7;17,7083333333333;2,87403533857647
2248172;134;1;32;13;1954;28000;13;3;14,3295803480041;2,66232595655461
5292015;4124;0;43;12;1960;26000;25;4;13,265306122449;2,58515206477906
6740003;4044;1;46;12;1904;40000;28;7;21,0084033613445;3,04492251774476
2669006;5841;0;49;11;2496;28240;32;7;11,3141025641026;2,42604996211786
2132171;4801;0;36;16;2440;105000;14;2;43,0327868852459;3,76196231085241
3179002;1300;0;46;6;840;11000;34;3;13,0952380952381;2,57224865994315
5565178;4029;1;37;16;1976;26500;15;7;13,4109311740891;2,5960701336665
5026005;6224;0;41;12;2080;47800;23;7;22,9807692307692;3,13465774578418
308004;1890;0;53;12;2695;77500;35;6;28,7569573283859;3,35887973199834
7170;178;1;53;12;2216;35213;35;7;15,8903429602888;2,76571156371966
203172;4066;0;47;16;2312;135000;25;7;58,3910034602076;4,0671618276283
5364175;7143;1;49;12;1888;43000;31;7;22,7754237288136;3,12568204797025
2336171;8076;0;43;17;2033;91500;20;4;45,0073782587309;3,80682643763527
1285005;3927;1;48;17;1470;39750;25;7;27,0408163265306;3,2973474403097
6710031;1019;1;36;10;2013;49000;20;7;24,3417784401391;3,19219415145297
2416175;2490;0;27;12;2225;28000;9;4;12,5842696629213;2,532447594557
2195180;4321;1;32;13;1880;32000;13;7;17,0212765957447;2,83446412595787
1611003;6232;1;52;12;1710;60000;34;7;35,0877192982456;3,55785119170753
1301004;5542;1;55;14;1976;34000;35;7;17,2064777327935;2,84528592529049
3442021;3508;1;29;16;1951;98000;7;6;50,2306509482317;3,9166254170296
157004;6118;1;49;14;2000;38000;29;1;19;2,94443897916644
1520030;1494;1;37;12;1960;27665;19;4;14,1147959183673;2,64722360310765
5299031;4538;1;31;12;2340;25900;13;7;11,0683760683761;2,40409203933588
2776030;256;0;20;11;702;1628;3;7;2,31908831908832;0,841174142536675
2715003;1767;0;43;12;2040;33000;25;3;16,1764705882353;2,78355775361036
1415005;5363;1;39;12;1890;27000;21;0;14,2857142857143;2,65926003693278
2273174;3676;1;41;17;1960;124200;18;7;63,3673469387755;4,14894869625695
626203;5551;0;42;12;2340;34000;24;3;14,5299145299145;2,67620959524655
3303004;6676;1;32;11;1680;10600;15;5;6,30952380952381;1,84206020770285
5478006;7289;1;43;12;2080;36000;25;7;17,3076923076923;2,85115104474288
863006;3260;1;45;16;1470;30000;23;7;20,4081632653061;3,01593498087151
3219001;6375;0;31;15;3000;78000;10;2;26;3,25809653802148
2427004;2750;0;51;12;2142;32000;33;4;14,9393090569561;2,70399593077417
5839002;5741;1;54;12;4094;83000;36;7;20,2735710796287;3,0093181205575
6127004;2474;0;46;12;3200;52000;28;2;16,25;2,78809290877575
2177185;6303;0;55;17;2032;60000;32;0;29,5275590551181;3,38532403250587
5396003;7448;0;47;14;2345;55000;27;0;23,454157782516;3,15504778333423
5366009;3127;1;51;12;1920;22000;33;2;11,4583333333333;2,43871726731863
75005;1980;1;44;14;1862;56000;24;6;30,0751879699248;3,40370051188027
5925183;7486;0;59;12;2000;30000;41;7;15;2,70805020110221
6475171;6962;1;30;12;2530;11000;12;7;4,34782608695652;1,46967597005894
1624033;2531;0;23;13;1380;15500;4;6;11,231884057971;2,41875652475609
1720030;8290;0;32;16;2080;70000;10;7;33,6538461538462;3,51612734833613
423173;295;1;44;11;1872;28430;27;7;15,1869658119658;2,72043754760751
706005;3132;1;49;13;1920;28000;30;7;14,5833333333333;2,67987932413551
1692003;4602;0;39;11;2860;40000;22;4;13,986013986014;2,63805782928218
1394184;5637;1;33;12;1920;39500;15;5;20,5729166666667;3,02397548586739
1701172;8142;0;46;12;1920;60000;28;7;31,25;3,44201937618241
1242177;774;1;44;16;1900;32000;22;7;16,8421052631579;2,82388201662733
2280003;516;0;50;17;2205;292500;27;6;132,65306122449;4,8877371577731
687173;8226;1;32;16;80;5000;10;0;62,5;4,13516655674236
5821007;5200;0;46;12;1992;47470;28;7;23,8303212851406;3,17095877340082
172035;1603;1;28;12;1063;6000;10;7;5,64440263405456;1,73066436986824
6519186;999;0;24;16;2450;30000;2;7;12,2448979591837;2,50510935710552
5854003;5589;1;54;16;1760;26500;32;5;15,0568181818182;2,71183092394212
2591005;1954;1;49;14;2590;49000;29;7;18,9189189189189;2,94016242239918
267031;912;1;25;17;2130;33000;2;7;15,4929577464789;2,74038558174515
1695220;3105;0;40;12;1844;52000;22;2;28,1995661605206;3,33930659344703
1751004;438;1;40;16;771;12000;18;4;15,5642023346303;2,74497355520681
2108031;8134;1;21;11;1514;20000;4;7;13,2100396301189;2,58097711853873
1841173;1740;0;34;16;3000;58000;12;2;19,3333333333333;2,96183072187831
2509032;3131;1;28;11;2295;90000;11;7;39,2156862745098;3,66907682681776
631003;5089;0;51;16;2820;90000;29;2;31,9148936170213;3,46307278538024
5562003;988;1;55;12;1896;55000;37;7;29,0084388185654;3,36758678139964
2300170;5776;1;38;16;2598;420000;16;7;161,662817551963;5,08551279302901
2250033;5851;1;28;16;1524;23000;6;6;15,0918635170604;2,7141557586647
548034;1211;1;23;12;2008;19100;5;0;9,51195219123506;2,2525491332231
3142002;6137;0;36;15;5356;203659;15;6;38,0244585511576;3,63822959875818
1970005;6488;1;44;12;1530;45000;26;7;29,4117647058824;3,38139475436598
3250001;4001;0;47;10;2464;30000;31;4;12,1753246753247;2,49941133599088
173177;2978;0;29;12;1192;44000;11;1;36,9127516778523;3,6085570652751
3486001;6365;0;55;12;2400;42480;37;7;17,7;2,87356463957978
1109179;176;1;56;17;919;40000;33;0;43,525571273123;3,77334861074039
1162034;4924;0;26;12;2510;12000;8;1;4,7808764940239;1,56462389664431
2586003;7179;1;53;16;438;22000;31;4;50,2283105022831;3,91657882196401
5693032;5403;1;32;12;1898;16999;14;7;8,95626975763962;2,1923538186089
16175;1156;0;27;12;2880;60000;9;3;20,8333333333333;3,03655426807425
1419173;6922;1;41;12;1984;29000;23;4;14,616935483871;2,68218082112379
1717175;5509;0;30;14;2232;52000;10;6;23,2974910394265;3,14834567406236
1887180;7413;1;39;13;650;4000;20;4;6,15384615384615;1,81707727721234
2801186;1648;0;28;13;2286;34000;9;2;14,8731408573928;2,69955695924354
5592189;7956;1;28;14;2010;31000;8;7;15,4228855721393;2,73585248241416
2515005;3821;1;52;12;2020;16878;34;4;8,35544554455446;2,12291348732266
5537003;1983;1;53;13;1506;10000;34;7;6,64010624169987;1,89312796361634
3095006;1180;0;31;12;1960;48500;13;3;24,7448979591837;3,20861932470101
626187;1290;0;39;11;1700;17000;22;7;10;2,30258509299405
672172;7541;1;23;12;2088;21280;5;7;10,1915708812261;2,32156099445305
817031;3409;0;35;16;2940;135000;13;6;45,9183673469388;3,82686519708784
1775175;3599;0;47;16;2250;201000;25;6;89,3333333333333;4,49237469184275
368030;6653;1;38;17;1004;55000;15;4;54,7808764940239;4,00334116396293
931002;604;1;55;12;2285;30200;37;7;13,2166301969365;2,58147590003466
2302009;2541;0;46;10;4080;25500;30;1;6,25;1,83258146374831
1663005;5789;1;49;14;780;1500;29;7;1,92307692307692;0,653926467406664
2282005;4654;1;45;13;1674;14500;26;6;8,66188769414576;2,15893267735925
6112033;2873;1;28;12;2024;20000;10;7;9,88142292490119;2,29065652212877
2569181;1939;0;30;16;2279;36000;8;4;15,7964019306713;2,75978218819256
1624003;2347;1;51;14;410;3000;31;4;7,31707317073171;1,99021040795189
2799030;627;1;30;11;2530;17800;13;4;7,03557312252964;1,95097915455861
6575175;5576;1;39;14;2000;27000;19;4;13,5;2,60268968544438
